<?xml version="1.0" encoding="utf-8"?>
<faxml version="0.3">
  <automaton name="example7" class="non-deterministic" minimal="true" type="buechi" >
	 <alphabet>
		ab
	 </alphabet>
	 <states>
		<state initial="true" name="0">
		  <transitions>
			 <transition label="ab" to="0" />
			 <transition label="b" to="1" />
			 <transition label="a" to="2" />
		  </transitions>
		</state>
		<state accepting="true" name="1">
		  <transitions>
			 <transition label="b" to="1" />
			 <transition label="a" to="3" />
		  </transitions>
		</state>
		<state accepting="true" name="2">
		  <transitions>
		    <transition label="a" to="2" />
		    <transition label="b" to="3" />
		  </transitions>
		</state>
		<state name="3">
		  <transitions>
		    <transition label="ab" to="3" />
		  </transitions>
		</state>
	 </states>
  </automaton>
</faxml>