<?xml version="1.0" encoding="utf-8"?>
<faxml version="0.3">
  <automaton name="michel1" class="non-deterministic" minimal="true" type="buechi" >
	 <alphabet>ab</alphabet>
	 <states>
		<state accepting="true" initial="true" name="0">
		  <transitions>
			 <transition label="a" to="1" />
			 <transition label="b" to="2" />
		  </transitions>
		</state>
		<state name="1">
		  <transitions>
			 <transition label="ab" to="1" />
			 <transition label="a" to="0" />
		  </transitions>
		</state>
		<state name="2">
		  <transitions>
			 <transition label="ab" to="2" />
		  </transitions>
		</state>
	 </states>
  </automaton>
</faxml>