<?xml version="1.0" encoding="utf-8"?>
<faxml version="0.3">
  <automaton name="symbol4" class="non-deterministic" minimal="true" type="buechi" >
	 <alphabet>abcd</alphabet>
	 <states>
		<state initial="true" name="0">
		  <transitions>
			 <transition label="abcd" to="0" />
			 <transition label="a" to="1" />
			 <transition label="b" to="3" />
			 <transition label="c" to="5" />
			 <transition label="d" to="7" />
		  </transitions>
		</state>
		<state accepting="true" name="1">
		  <transitions>
			 <transition label="a" to="1" />
			 <transition label="bcd" to="2" />
		  </transitions>
		</state>
		<state name="2">
		  <transitions>
			 <transition label="abcd" to="2" />
		  </transitions>
		</state>
		<state accepting="true" name="3">
		  <transitions>
			 <transition label="b" to="3" />
			 <transition label="acd" to="4" />
		  </transitions>
		</state>
		<state name="4">
		  <transitions>
			 <transition label="abcd" to="4" />
		  </transitions>
		</state>
		<state accepting="true" name="5">
		  <transitions>
			 <transition label="c" to="5" />
			 <transition label="abd" to="6" />
		  </transitions>
		</state>
		<state name="6">
		  <transitions>
			 <transition label="abcd" to="6" />
		  </transitions>
		</state>
		<state accepting="true" name="7">
		  <transitions>
			 <transition label="d" to="7" />
			 <transition label="abc" to="8" />
		  </transitions>
		</state>
		<state name="8">
		  <transitions>
			 <transition label="abcd" to="8" />
		  </transitions>
		</state>
	 </states>
  </automaton>
</faxml>